Name;FmName;Type;English
a-20g;a-20g;strike;A-20G-25 Havoc
a-26b;a-26b;strike;A-26B-50
a-26b_10;a-26b_10;strike;A-26B-10
a-26c;a-26c;bomber;A-26C-45 Invader
a-26c-45-dt;a-26c;bomber;A-26C-45DT
a2d;a2d;strike;A2D-1 Skyshark
a_109_eoa2;a_109_eoa2;helicopter;A.109EOA-2
a_129_a;a_129_int;helicopter;A-129 International Prototype
a_129_d;a_129_d;helicopter;AH-129D Mangusta
a_20g_30_ussr;a-20g;bomber;A-20G-30 Havoc (USSR)
a_29_hudson;a_29_hudson;bomber;A-29
a_4n;a_4n;strike;A-4N Skyhawk II (Ayit) (Israel)
a_4ptm_malaysia;a_4ptm_malaysia;strike;A-4PTM Skyhawk
a_5c;a_5c;strike;A-5C
a_6e_tram;a_6e_tram;strike;A-6E TRAM Intruder
a_7d;a_7d;strike;A-7D Corsair II
a_7e;a_7e;strike;A-7E Corsair II
a_7e_greece;a_7e;strike;A-7E Corsair II
a_7e_thailand;a_7e;strike;A-7E Corsair II (Thailand)
a_7h_greece;a_7e;strike;A-7H Corsair II
a_7k;a_7k;strike;A-7K Corsair II
ab_205a_1;ab_205a_1;helicopter;AB 205 A-1
ah_1f;ah_1f;helicopter;AH-1F
ah_1f_event;ah_1f;helicopter;AH-1F
ah_1f_iaf;ah_1f_iaf;helicopter;AH-1F Tzefa D/E (Israel)
ah_1g;ah_1g;helicopter;AH-1G
ah_1g_iaf;ah_1g_iaf;helicopter;AH-1G Tzefa A (Israel)
ah_1w;ah_1w;helicopter;AH-1W
ah_1w_china;ah_1w;helicopter;AH-1W (China)
ah_1z;ah_1z;helicopter;AH-1Z
ah_2_rooivalk;ah_2_rooivalk;helicopter;Rooivalk Mk1F CSH
ah_56a;ah_56a;helicopter;AH-56A
ah_60_iaf;ah_60_iaf;helicopter;AH-60 Battle Hawk (Israel)
ah_64d_i_saraph;ah_64d_i_saraph;helicopter;AH-64D-I Saraph
ah_64e;ah_64e;helicopter;AH-64E
ah_64e_britain;ah_64e;helicopter;AH Mk.2 Apache
ah_64e_china;ah_64e;helicopter;AH-64E (China)
ah_64e_indonesia;ah_64e;helicopter;AH-64E (Indonesia)
ah_64e_netherlands;ah_64e;helicopter;AH-64E (Netherlands)
ah_mk1;ah_mk1;helicopter;AH Mk.1 Apache
ahs;ahs;helicopter;Attack Helicopter System
ar_2;ar_2;bomber;Ar-2
arado-234;arado-234;bomber;Ar 234 B-2
arado-234c-3;arado-234c-3;bomber;Ar 234 C-3
arado_234b_2_mt;arado_234b_2_mt;bomber;Ar 234 B-2 (WB 151)
av_8b_na;av_8b_na;strike;AV-8B (NA) Harrier
av_8b_plus;av_8b_plus;strike;AV-8B Plus Harrier
av_8b_plus_italy;av_8b_plus;strike;AV-8B Plus Harrier (Italy)
avenger_mk1;tbf-1c;bomber;Avenger Mk II
aw_159;aw_159;helicopter;AW159 Wildcat HMA2
b-17e;b-17e;bomber;B-17E Flying Fortress
b-17e_japan;b-17e;bomber;B-17E Flying Fortress (Japan)
b-17e_late;b-17e_late;bomber;B-17E Flying Fortress /Late
b-17g;b-17g;bomber;B-17G-60-VE Flying Fortress
b-17g_iaf;b-17g;bomber;B-17G Flying Fortress (Israel)
b-29;b-29;bomber;B-29A-BN Superfortress
b-29_france_killstreak;b-29;bomber;B-29A-BN Superfortress (France)
b-29_germany_killstreak;b-29;bomber;B-29A-BN Superfortress (Germany)
b-29_iaf_killstreak;b-29;bomber;B-29A-BN Superfortress (Israel)
b-29_italy_killstreak;b-29;bomber;B-29A-BN Superfortress (Italy)
b-29_japan_killstreak;b-29;bomber;B-29A-BN Superfortress (Japan)
b-29_killstreak;b-29;bomber;B-29A-BN Superfortress (b-29_killstreak)
b-29_sweden_killstreak;b-29;bomber;B-29A-BN Superfortress (Sweden)
b-29_uk_killstreak;washington_b1;bomber;Washington B.Mk.I Superfortress (Britain)
b-57;b-57;bomber;B-57A Canberra
b-57b;b-57b;bomber;B-57B Canberra
b_10b;b_10b;bomber;B-10B
b_18a;b_18a;bomber;B-18A
b_24d;b_24d;bomber;B-24D-25-CO Liberator
b_25j_1;b_25j_1;bomber;B-25J-1 Mitchell
b_25j_20;b_25j_20;bomber;B-25J-20 Mitchell
b_25j_30;b_25j_20;bomber;B-25J-30 Mitchell
b_25j_30_china;b_25j_20;bomber;B-25J-30 Mitchell (China)
b_25j_30_france;b_25j_20;bomber;B-25J-30 Mitchell (France)
b_25j_30_vvs_ussr;b_25j_20;bomber;B-25J-30 Mitchell (USSR)
b_26b_c;b_26b_c;bomber;B-26B Marauder
b_26b_indonesia_kalong;a-26b;strike;B-26B Invader (Indonesia)
b_26c_france;b_26b_c;bomber;B-26C Marauder (France)
b_34;b_34;bomber;B-34
b_48_firecrest;b_48_firecrest;strike;Firecrest
b_52h;nt_b_52h;bomber;B-52H
b_57b_japan_killstreak;b-57b;bomber;B-57B Canberra (Japan)
b_57b_killstreak;b-57b;bomber;B-57B Canberra
b_66b;b_66b;bomber;B-66B Destroyer
be_6;be_6;bomber;Be-6
beaufort_mkviii;beaufort_mkviii;bomber;Beaufort Mk VIII
blenheim_mkiv;blenheim_mkiv;bomber;Blenheim Mk IV
bo_105cb2;bo_105cb2;helicopter;BO 105 CB-2
bo_105pah1;bo_105pah1;helicopter;BO 105 PAH-1
bo_105pah1_a1;bo_105pah1_a1;helicopter;BO 105 PAH-1A1
boston_mk_1;boston_mk_1;bomber;Boston Mk I
br_20_dr;br_20_dr;bomber;B.R.20DR
br_20m_m1;br_20_dr;bomber;B.R.20M M1
buccaneer_s1;buccaneer_s1;strike;Buccaneer S.1
buccaneer_s2;buccaneer_s2;strike;Buccaneer S.2
buccaneer_s2b;buccaneer_s2b;strike;Buccaneer S.2B
bv-138c-1;bv-138c-1;bomber;BV 138 C-1
bv-238;bv-238;bomber;BV 238
ca_27_mk32_malaysia;ca_27_mk_32;fighter;CA-27 Sabre Mk.32
ca_27_mk32_raaf;ca_27_mk_32;fighter;CA-27 Sabre Mk.32
canberra_bimk6;canberra_bimk6;bomber;Canberra B (I) Mk 6
canberra_bimk6_france_killstreak;canberra_bmk2;bomber;Canberra B Mk 6 (France)
canberra_bimk6_germany_killstreak;canberra_bmk2;bomber;Canberra B Mk 6 (Germany)
canberra_bimk6_iaf_killstreak;canberra_bmk2;bomber;Canberra B Mk 6 (Israel)
canberra_bimk6_italy_killstreak;canberra_bmk2;bomber;Canberra B Mk 6 (Italy)
canberra_bimk6_japan_killstreak;canberra_bmk2;bomber;Canberra B Mk 6 (Japan)
canberra_bimk6_killstreak;canberra_bmk2;bomber;Canberra B Mk 6 (canberra_bimk6_killstreak)
canberra_bimk6_sweden_killstreak;canberra_bmk2;bomber;Canberra B Mk 6 (Sweden)
canberra_bimk6_usa_killstreak;canberra_bmk2;bomber;Canberra B Mk 6 (USA)
canberra_bmk2;canberra_bmk2;bomber;Canberra B Mk 2
d4y1;d4y1;bomber;D4Y1
d4y2;d4y2;bomber;D4Y2
d4y3;d4y3;bomber;D4Y3 Ko
db_3a_china;db_3a;bomber;DB-3A (China)
db_3b;db_3b;bomber;DB-3B
db_7;db_7;bomber;DB-7
do_17e_1;do_17e_1;bomber;Do 17 E-1
do_17z_2;do_17z_2;bomber;Do 17 Z-2
do_17z_7;do_17z_7;bomber;Do 17 Z-7
do_217e_2;do_217e_2;bomber;Do 217 E-2
do_217e_4;do_217e_4;bomber;Do 217 E-4
do_217j_1;do_217j_1;bomber;Do 217 J-1
do_217k_1;do_217k_1;bomber;Do 217 K-1
do_217m_1;do_217m_1;bomber;Do 217 M-1
do_217n_1;do_217n_1;bomber;Do 217 N-1
douglas_a_1h;douglas_a_1h;strike;A-1H Skyraider
douglas_ad_2;douglas_ad_2;strike;AD-2 Skyraider
douglas_ad_4;douglas_ad_4;strike;AD-4 Skyraider
douglas_ad_4_france;douglas_ad_4_france;strike;AD-4 Skyraider (France)
douglas_ad_4na_france;douglas_ad_4na_france;strike;AD-4NA Skyraider (France)
ef_2000_aesa;ef_2000_aesa;fighter;EF-2000 (AESA) (Germany)
ef_2000_block_10;ef_2000_block_10;fighter;EF-2000 Typhoon (Block 10 T2) (Germany)
ef_2000_fgr4;typhoon_fgr4;fighter;EF-2000 Typhoon FGR.4
ef_2000_typhoon_aesa;ef_2000_typhoon_aesa;fighter;EF-2000 Typhoon (AESA)
ef_2000a;f_2000a;fighter;F-2000A Typhoon
ef_2000a_aesa;ef_2000a_aesa;fighter;F-2000A (AESA) Typhoon
er-2_ach30b_early;er-2_ach30b_early;bomber;Yer-2 (ACh-30B) Early
er-2_ach30b_late;er-2_ach30b_early;bomber;Yer-2 (ACh-30B) Late
er-2_m105_mv3;er-2_m105_mv3;bomber;Yer-2 (M-105)
er-2_m105_tat;er-2_m105_mv3;bomber;Yer-2 (M-105) TAT-BT
er-2_m105r_lu2b;er-2_m105_mv3;bomber;Yer-2 (M-105R) LU-MV-2B
er-2_m105r_tat;er-2_m105_mv3;bomber;Yer-2 (M-105R) TAT-BT
f-100d_france;f_100d;fighter;F-100D Super Sabre (France)
f-104a;f_104a;fighter;F-104A Starfighter
f-104a_china;f_104a;fighter;F-104A Starfighter (China)
f-104c;f_104c;fighter;F-104C Starfighter
f-104g;f_104g;fighter;F-104G Starfighter (Germany)
f-104g_belgium;f_104g;fighter;F-104G Starfighter (Belgium)
f-104g_china;f_104g_italy;fighter;F-104G Starfighter (China)
f-104g_italy;f_104g_italy;fighter;F-104G Starfighter (Italy)
f-104j;f_104j;fighter;F-104J Starfighter
f-104s;f_104s;fighter;F-104S Starfighter
f-104s_asa;f_104s_asa;fighter;F-104S.ASA Starfighter
f-104s_cb;f_104s_cb;fighter;F-104S Starfighter TAF
f-105d;f_105d;strike;F-105D Thunderchief
f-4c;f-4c;fighter;F-4C Phantom II
f-4e_kurnass_2000;f-4e_iaf;fighter;F-4E Kurnass 2000
f-4ej;f-4ej;fighter;F-4EJ Phantom II
f-4ej_adtw;f-4ej;fighter;F-4EJ Phantom II ADTW
f-4ej_kai;f-4ej;fighter;F-4EJ Kai Phantom II
f-4j;f-4j;fighter;F-4J Phantom II
f-4jk;f-4j;fighter;F-4J(UK) Phantom II
f-4k;f-4k;fighter;Phantom FG.1
f-4m_fgr2;f-4m_fgr2;fighter;Phantom FGR.2
f-4s;f-4s;fighter;F-4S Phantom II
f-84b;f-84b;strike;F-84B-26 Thunderjet
f-84g_greece;f-84g;strike;F-84G-16-RE Thunderjet
f-86_cl_13b_mk6;f-86_cl_13b_mk6;fighter;CL-13B Sabre Mk.6 (Germany)
f-86a-5;f-86a-5;fighter;F-86A-5 Sabre
f-86f-2;f-86f-25;fighter;F-86F-2 Sabre
f-86f-25;f-86f-25;fighter;F-86F-25 Sabre
f-86f-30_china;f-86f-25;fighter;F-86F-30 Sabre (China)
f-86f-30_japan;f-86f-25;fighter;F-86F-30 Sabre  (Japan)
f-86f-35;f-86f-25;fighter;F-86F-35 Sabre
f-86f-40_china;f-86f-40_japan;fighter;F-86F-40 Sabre (China)
f-86f-40_japan;f-86f-40_japan;fighter;F-86F-40 Sabre  (Japan)
f-86f-40_japan_blue_impulse;f-86f-40_japan;fighter;F-86F-40 JASDF Sabre (Japan)
f4d_1;f4d-1;fighter;F4D-1 Skyray
f4u-7;f4u-7;fighter;F4U-7 Corsair
f9f-8;f9f-8;fighter;F9F-8 Cougar
f_101c;f_101c;fighter;F-101C Voodoo
f_102a_greece;f_102a_greece;fighter;F-102A "Delta Dagger"
f_102a_late;f_102a_late;fighter;F-102A "Delta Dagger"
f_105d_japan_killstreak;f_105d;strike;F-105D Thunderchief (Japan)
f_105d_killstreak;f_105d;strike;F-105D Thunderchief
f_106a_1972;f_106a_1972;fighter;F-106A "Six Shooter"
f_111a;f_111a;strike;F-111A Aardvark
f_111c_raaf;f_111c;strike;F-111C Aardvark (Australia)
f_111f;f_111f;strike;F-111F Aardvark
f_111f_iaf_killstreak;f_111f;strike;F-111F Aardvark (Israel)
f_111f_japan_killstreak;f_111f;strike;F-111F Aardvark (Japan)
f_111f_killstreak;f_111f;strike;F-111F Aardvark (f_111f_killstreak)
f_14a_iriaf;f_14a_iriaf;fighter;F-14A Tomcat (Early) IRIAF
f_14d;f_14d;fighter;F-14D Super Tomcat
f_14d_vf_11;f_14d;fighter;F-14D (VF-11) Super Tomcat
f_15a;f_15a;fighter;F-15A Eagle
f_15a_iaf;f_15a;fighter;F-15A Baz (Israel)
f_15c_baz_msip;f_15c_baz_msip;fighter;F-15C Baz (Improved) Meshupar
f_15c_golden_eagle;f_15c_golden_eagle;fighter;F-15C Golden Eagle
f_15c_msip2;f_15c_msip2;fighter;F-15C MSIP II Eagle
f_15e;f_15e;strike;F-15E Strike Eagle
f_15i_raam;f_15i_raam;strike;F-15I Ra’am
f_15j;f_15j;fighter;F-15J Eagle
f_15j_kai;f_15j_kai;fighter;F-15J(M) Eagle
f_16a_block_10;f_16a_block_10;fighter;F-16A Block 10 Fighting Falcon
f_16a_block_10_iaf;f_16a_block_10;fighter;F-16A Block 10 Netz (Israel)
f_16a_block_10_netz_mod;f_16a_block_10_mod;fighter;F-16A Block 10 Netz (Mod)
f_16a_block_10_norway;f_16a_block_10_norway;fighter;F-16A Block 10 Fighting Falcon (Norway)
f_16a_block_15_adf;f_16a_block_15_adf;fighter;F-16A Block 15 ADF Fighting Falcon
f_16a_block_15_adf_britain_killstreak;f_16a_block_15_adf;fighter;F-16A Block 15 ADF Fighting Falcon (Britain)
f_16a_block_15_adf_france_killstreak;f_16a_block_15_adf;fighter;F-16A Block 15 ADF Fighting Falcon (France)
f_16a_block_15_adf_germany_killstreak;f_16a_block_15_adf;fighter;F-16A Block 15 ADF Fighting Falcon (Germany)
f_16a_block_15_adf_italy;f_16a_block_15_adf_italy;fighter;F-16A Block 15 ADF Fighting Falcon (Italy)
f_16a_block_15_adf_italy_killstreak;f_16a_block_15_adf;fighter;F-16A Block 15 ADF Fighting Falcon (Italy)
f_16a_block_15_adf_killstreak;f_16a_block_15_adf;fighter;F-16A Block 15 ADF Fighting Falcon
f_16a_block_15_adf_sweden_killstreak;f_16a_block_15_adf;fighter;F-16A Block 15 ADF Fighting Falcon (Sweden)
f_16a_block_15_belgium;f_16a_block_15_belgium;fighter;F-16A Block 15 Fighting Falcon (Belgium)
f_16a_block_15_ocu_belgium;f_16a_block_15_ocu_belgium;fighter;F-16A Block 15 OCU Fighting Falcon (Belgium)
f_16a_block_15_ocu_thailand;f_16a_block_15_ocu_thailand;fighter;F-16A Block 15 OCU Fighting Falcon (Thailand)
f_16a_block_20_mlu;f_16a_block_20_mlu;fighter;F-16A Block 20 MLU Fighting Falcon (China)
f_16a_block_20_mlu_killstreak;f_16a_block_20_mlu;fighter;F-16A Block 20 MLU Fighting Falcon
f_16a_block_5_netherlands;f_16a_block_5_netherlands;fighter;F-16A Block 5 Fighting Falcon (Netherlands)
f_16aj;f_16aj;fighter;F-16AJ Fighting Falcon
f_16am_block_15_mlu_belgium;f_16am_block_15_mlu_belgium;fighter;F-16AM Block 15 MLU Fighting Falcon (Belgium)
f_16am_block_20_mlu_netherlands;f_16a_block_20_mlu;fighter;F-16AM Block 20 MLU Fighting Falcon (Netherlands)
f_16am_block_20_mlu_norway;f_16a_block_20_mlu;fighter;F-16AM Block 20 MLU Fighting Falcon (Norway)
f_16c_block_40_barak_2;f_16c_block_40_barak_2;fighter;F-16C Block 40 Barak II
f_16d_block_40_barak_2;f_16d_block_40_barak_2;fighter;F-16D Block 40 Barak II
f_16d_block_40_barak_2_missile_test;f_16d_block_40_barak_2;fighter;F-16D Block 40 Barak II (Missile Test)
f_16i_sufa;f_16i_sufa;fighter;F-16I Sufa
f_16xl;f_16xl;fighter;F-16XL-1
f_20a;f_20a;fighter;F-20A Tigershark
f_222_2;f_222_2;bomber;F.222.2
f_2a;f_2a;fighter;F-2A Viper Zero
f_2a_adtw;f_2a_adtw;fighter;F-2A ADTW Viper Zero
f_2a_killstreak;f_2a;fighter;F-2A Viper Zero
f_4e_aup_greece;f-4f_kws_lv;fighter;F-4E AUP Phantom II
fa_18a;fa_18a;fighter;F/A-18A Hornet
fa_18a_raaf;fa_18a;fighter;F/A-18A Hornet
fa_18c_early;fa_18c_early;fighter;F/A-18C (Early) Hornet
fa_18c_late;fa_18c_late;fighter;F/A-18C (Late) Hornet
fa_18c_late_switzerland;fa_18c_late_switzerland;fighter;F/A-18C (Late) Hornet (Germany)
fa_18d_late_malaysia;fa_18d_late_malaysia;fighter;F/A-18D (Late) Hornet
fau-1;fau-1;fighter;V-1
fiat_g91_r3;fiat_g91_r3;fighter;G.91 R/3 (Germany)
fiat_g91_r4;fiat_g91_r4;fighter;G.91 R/4
fiat_g91_r4_german;fiat_g91_r4;fighter;G.91 R/4 (Germany)
firebrand_tf4;firebrand_tf4;strike;Firebrand TF Mk IV
fj_4b;fj_4b;strike;FJ-4B Fury
fj_4b_agm_12b;fj_4b;strike;FJ-4B VMF-232 Fury
fokker_g1a;fokker_g1a;strike;Fokker G.I Mercury (Dutch)
fw_200c_1;fw_200c_1;bomber;Fw 200 C-1
g4m1;g4m1;bomber;G4M1
g5n1;g5n1;bomber;G5N1 Shinzan
g5n2;g5n1;bomber;G5N2 Shinzan
g8n1;g8n1;bomber;G8N1 Renzan
g8n2;g8n1;bomber;G8N2 Renzan
g_lynx;g_lynx;helicopter;G-LYNX
h145m;h145m;helicopter;H145M
h6k4;h6k4;bomber;H6K4
h8k2;h8k2;bomber;H8K2
h8k3;h8k3;bomber;H8K3
h_34;h_34;helicopter;H-34
h_34_france;h_34_france;helicopter;H-34 (France)
halifax_mk3;halifax_mk3;bomber;Halifax B Mk IIIa
harrier_frs1;harrier_frs1;strike;Sea Harrier FRS.1
harrier_frs1_early;harrier_frs1;strike;Sea Harrier FRS.1 Early
harrier_gr1;harrier_gr1;strike;Harrier GR.1
harrier_gr3;harrier_gr3;strike;Harrier GR.3
hawk_209_indonesia;hawk_209_indonesia;strike;Hawk 209 (Indonesia)
hawk_t1a;hawk_t1a;strike;Hawk T Mk 1A (Fuselage Replacement Programme)
hawk_t1a_early;hawk_t1a;strike;Hawk T Mk 1A
he-111h-16_winter;he-111h-16_winter;bomber;He 111 H-16
he-111h-2;he-111h-2;bomber;He 111 H-3
he-111h-6;he-111h-6;bomber;He 111 H-6
he-177a-3;he-177a-5;bomber;He 177 A-3/R3 Greif
he-177a-5;he-177a-5;bomber;He 177 A-5
he_115a_2_sweden;he_115a_2_sweden;bomber;T 2 (Sweden)
he_115c_1;he_115c_1;bomber;He 115 C-1
hkp2;hkp2;helicopter;HKP2
hkp3c;hkp3c;helicopter;HKP3C
hkp9a_cb2;hkp9a_cb2;helicopter;HKP9A
hkp9a_cb3_fc;hkp9a_cb3_fc;helicopter;HKP9A (FC)
hp52_hampden_mk1_late;hp52_hampden_mk1_late;bomber;Hampden Mk I
hp52_hampden_tbmk1;hp52_hampden_tbmk1;bomber;Hampden TB Mk I
hp52_hampden_tbmk1_ussr_utk1;hp52_hampden_tbmk1_ussr_utk1;bomber;Hampden TB Mk I UTK-1 (USSR)
hudson_mk_v;hudson_mk_v;bomber;Hudson Mk V
ia_58a_pucara;ia_58a_pucara;strike;IA.58A Pucara
iar_316b;iar_316b;helicopter;IAR 316B
iar_81c_db_605;iar_81c_db_605;fighter;IAR-81C (DB 605)
iar_93b;iar_93b;strike;IAR-93B
il-4;il-4;bomber;IL-4
il_28;il_28;bomber;IL-28
il_28_china;il_28;bomber;H-5 (China)
il_28_china_killstreak;il_28;bomber;IL-28 (China)
il_28_german;il_28;bomber;IL-28 (Germany)
il_28_hungary;il_28;bomber;IL-28 (Hungary)
il_28_killstreak;il_28;bomber;IL-28 (il_28_killstreak)
il_28sh;il_28sh;bomber;IL-28Sh
intruder_mk_1;intruder_mk_1;bomber;Havoc Mk I
j_10a;j_10a;fighter;J-10A (Early) Vigorous Dragon
j_10a_killstreak;j_10a;fighter;J-10A Vigorous Dragon
j_10c;j_10c;fighter;J-10C Vigorous Dragon
j_11b;j_11b;fighter;J-11B Responsive Dragon
j_15t;j_15t;fighter;J-15T Flying Shark
j_16;j_16;fighter;J-16 Hidden Dragon
j_22m1a;iar_93b;strike;J-22M1A
j_7d;j_7d;fighter;J-7D
jaguar_a;jaguar_a;strike;Jaguar A
jaguar_a_germany_killstreak;jaguar_a;strike;Jaguar A (Germany)
jaguar_a_iaf_killstreak;jaguar_a;strike;Jaguar A (Israel)
jaguar_a_italy_killstreak;jaguar_a;strike;Jaguar A (Italy)
jaguar_a_japan_killstreak;jaguar_a;strike;Jaguar A (Japan)
jaguar_a_killstreak;jaguar_a;strike;Jaguar A (jaguar_a_killstreak)
jaguar_a_sweden_killstreak;jaguar_a;strike;Jaguar A (Sweden)
jaguar_a_uk_killstreak;jaguar_a;strike;Jaguar A (Britain)
jaguar_a_usa_killstreak;jaguar_a;strike;Jaguar A (USA)
jaguar_e;jaguar_e;strike;Jaguar E
jaguar_gr1a;jaguar_gr1a;strike;Jaguar GR.1A
jf_17;jf_17;strike;JF-17 Thunder
jh_7a;jh_7a;strike;JH-7A Flying Leopard
jh_7a2;jh_7a2;strike;JH-7A2 Flying Leopard
jh_7a_prototype;jh_7a;strike;JH-7A (Prototype) Flying Leopard
ju-188a-2;ju-188a-2;bomber;Ju 188 A-2
ju-288c;ju-288c;bomber;Ju 288 C
ju-388j;ju-388j;bomber;Ju 388 J
ju-52;ju-52;bomber;Ju 52
ju-88a-1;ju-88a-1;bomber;Ju 88 A-1
ju-88a-4;ju-88a-4;bomber;Ju 88 A-4
ju-88a-4_finland;ju-88a-4;bomber;Ju 88 A-4 (Finland)
ki-49_1;ki-49_1;bomber;Ki-49-I Donryu
ki-49_2a;ki-49_2a;bomber;Ki-49-IIa Donryu
ki-49_2b;ki-49_2b;bomber;Ki-49-IIb Donryu
ki-49_2b_late;ki-49_2b;bomber;Ki-49-IIb Donryu /Late
ki_109;ki_109;strike;Ki-109
ki_21_1hei;ki_21_1hei;bomber;Ki-21-I Hei
ki_21_1ko;ki_21_1ko;bomber;Ki-21-Ia
ki_32;ki_32;bomber;Ki-32
ki_48_2_otsu;ki_48_2_otsu;bomber;Ki-48-II Otsu
ki_48_2_otsu_event;ki_48_2_otsu;bomber;Ki-48-II Otsu
ki_67_1_ko;ki_67_1_ko;bomber;Ki-67-I Ko
ki_67_1_otsu;ki_67_1_otsu;bomber;Ki-67-I Otsu
ki_93_1_ko;ki_93_1_ko;strike;Ki-93-I Ko
l_39za_art_thailand;l_39za_art_thailand;strike;L-39ZA/ART Albatros (Thailand)
lancaster_mk1;lancaster_mk1;bomber;Lancaster B Mk I
lancaster_mk3;lancaster_mk3;bomber;Lancaster B Mk III
lancaster_mr7_france;lancaster_mr7_france;bomber;Lancaster MR.7 (France)
leo_451_early;leo_451_early;bomber;LeO 451 early
leo_451_late;leo_451_late;bomber;LeO 451 Late
lincoln_b2;lincoln_b2;bomber;Lincoln B Mk II
m_346fa;m_346fa;strike;M-346FA Master
martin_139wc;martin_139wc;bomber;Martin 139WC
maryland_mk1_france;maryland_mk1;bomber;Martin 167-A3 (France)
mb_162;mb_162;bomber;M.B.162
mb_174_a3;mb_174_a3;bomber;M.B.174A-3
mb_175t;mb_175t;bomber;M.B.175T
md_500_tow_late;md_500_tow_late;helicopter;MD500-TOW Lahatut
me_210ca_1_40_mm_hungary;me_210ca_1_40_mm_hungary;strike;Me 210 Ca-1 36.M Hornisse (Hungary)
me_264;me_264;bomber;Me 264
meteor_fmk8_reaper;meteor_fmk8_reaper;fighter;Meteor F Mk.8 Reaper
mi_24p_german;mi_24p;helicopter;Mi-24P (Germany)
mi_24p_german_hfs80;mi_24p;helicopter;Mi-24P HFS 80 (Germany)
mi_28n;mi_28n;helicopter;Mi-28N
mi_28n_killstreak;mi_28n;helicopter;Mi-28N
mi_8amtsh;mi_8amtsh;helicopter;Mi-8AMTSh
mi_8amtsh_vn;mi_8amtsh_vn;helicopter;Mi-8AMTSh-VN
mi_8tb;mi_8tb;helicopter;Mi-8TB (Germany)
mi_8tv;mi_8tv;helicopter;Mi-8TV
mig-21_mf;mig-21_mf;fighter;MiG-21MF (Germany)
mig-21_mf_hungary;mig-21_mf;fighter;MiG-21MF (Hungary)
mig-21_s;mig-21_s;fighter;MiG-21S (R-13-300)
mig-21_smt;mig-21_smt;fighter;MiG-21SMT
mig_21_2000_iaf;mig_21_2000_iaf;fighter;MiG-21 2000 (Israel)
mig_23bn;mig_23bn;strike;MiG-23BN (Germany)
mig_23m;mig_23m;fighter;MiG-23M
mig_23mf_germany;mig_23mf;fighter;MiG-23MF (Germany)
mig_23mf_hungary;mig_23mf;fighter;MiG-23MF (Hungary)
mig_23ml;mig_23ml;fighter;MiG-23ML
mig_23mla;mig_23mla;fighter;MiG-23MLA (Germany)
mig_23mld;mig_23mld;fighter;MiG-23MLD
mig_27k;mig_27k;fighter;MiG-27K
mig_27m;mig_27m;fighter;MiG-27M
mig_29kr_9_41r;mig_29kr_9_41r;fighter;MiG-29KR (9-41R)
mig_29m_9_15;mig_29m_9_15;fighter;MiG-29M (9-15)
mig_29smt_9_19;mig_29smt_9_19;fighter;MiG-29SMT (9-19)
mig_35;mig_35;fighter;MiG-35
mirage_2000_5eg_mk2_greece;mirage_2000_5f;fighter;Mirage 2000-5EG
mirage_2000_5ei;mirage_2000_5ei;fighter;Mirage 2000-5Ei (China)
mirage_2000_5f;mirage_2000_5f;fighter;Mirage 2000-5F
mirage_2000_5f_missile_test;mirage_2000_5f;fighter;Mirage 2000-5F (Missile Test)
mirage_2000d_r1;mirage_2000d_r1;strike;Mirage 2000D-R1
mirage_2000d_rmv;mirage_2000d_rmv;strike;Mirage 2000D-RMV
mirage_4000;mirage_4000;fighter;Mirage 4000
mirage_f1cg_greece;mirage_f1c;fighter;Mirage F1CG
n1k1_kyuofu;n1k1_kyuofu;fighter;N1K1 Kyofu
nc_223_3;nc_223_3;bomber;N.C.223.3
nt_b_52h;nt_b_52h;bomber;B-52H
nt_mig_23mld;mig_23mld;fighter;MiG-23MLD
nt_tu_95m;nt_tu_95m;bomber;Tu-95M
p1y1_mod11;p1y1_mod11;bomber;P1Y1 mod. 11 "Ginga"
p1y1_mod11_china;p1y1_mod11;bomber;P1Y1 mod. 11 "Ginga" (China)
p_108a_serie2;p_108a_serie2;strike;P.108A serie 2
p_108b_serie1;p_108b_serie1;bomber;P.108B serie 1
p_108b_serie2;p_108b_serie2;bomber;P.108B serie 2
pb4y-2;pb4y-2;bomber;PB4Y-2 Privateer
pb4y-2_china;pb4y-2_china;bomber;PB4Y-2 Privateer (China)
pb4y-2_france;pb4y-2_france;bomber;PB4Y-2 Privateer (France)
pbj_1h;pbj_1h;strike;PBJ-1H
pbj_1j;pbj_1j;strike;PBJ-1J
pbj_1j_1;pbj_1j;bomber;PBJ-1J Mitchell
pbm_1;pbm_1;bomber;PBM-1 "Mariner"
pbm_3;pbm_3;bomber;PBM-3 "Mariner"
pbm_5a;pbm_5a;bomber;PBM-5A "Mariner"
pby-5;pby-5;bomber;PBY-5 Catalina
pby-5a;pby-5a;bomber;PBY-5A Catalina
pby-5a_raf;pby-5a;bomber;Catalina Mk IIIa
pby-5a_ussr;pby-5a;bomber;PBY-5A Catalina (USSR)
pe-2-1;pe-2-1;bomber;Pe-2-1 Peshka 
pe-2-110;pe-2-110;bomber;Pe-2-110 Peshka
pe-2-205;pe-2-205;bomber;Pe-2-205 Peshka
pe-2-31;pe-2-31;bomber;Pe-2-31 Peshka
pe-2-359;pe-2-359;bomber;Pe-2-359 Peshka
pe-2-359_china;pe-2-359;bomber;Pe-2-359 Peshka (China)
pe-2-83;pe-2-83;bomber;Pe-2-83 Peshka
pe-3;pe-3;strike;Pe-3
pe-3_bis;pe-3_bis;strike;Pe-3bis
pe-3_early;pe-3_early;strike;Pe-3 Early
pe-8_m82;pe-8_m82;bomber;Pe-8
potez_630;potez_630;fighter;Potez 630
potez_631;potez_631;fighter;Potez 631
potez_633;potez_633;bomber;Potez 633
pv_2d;pv_2d;bomber;PV-2D Harpoon
q_5a;q_5a;strike;Q-5A
quing_6;quing_6;bomber;Qing-6
rafale_c_f3;rafale_c_f3;fighter;Rafale C F3-R
rafale_eg_greece;rafale_c_f3;fighter;Rafale EG
rafale_m_f3r;rafale_m_f3r;fighter;Rafale M F3-R
rah_66;rah_66;helicopter;RAH-66 Comanche
s_81_ar125;s_81_ar125;bomber;S.81
sa_313b;sa_313b;helicopter;SA 313B Alouette II (Germany)
sa_313b_france;sa_313b;helicopter;SA 313B Alouette II (France)
sa_316b;sa_316b;helicopter;SA 316B Alouette III
sa_341f;sa_341f;helicopter;SA.341F Gazelle
saab_b18a;saab_b18a;bomber;B18A
saab_b18b;saab_b18b;bomber;B18B
saab_f35_wdns;saab_f35_wdns;strike;Saab F-35 Draken
saab_j35j;saab_j35j;fighter;J35J Draken
saab_j35xs;saab_j35xs;fighter;Saab J35XS Draken
saab_ja37d;saab_ja37;fighter;JA37D Viggen
saab_ja37di;saab_ja37;fighter;JA37DI Viggen
saab_ja37di_f21;saab_ja37;fighter;JA37DI Viggen F21
saab_jas39c;saab_jas39c;fighter;JAS39C Gripen
saab_jas39c_hungary;saab_jas39c;fighter;JAS39EBS HU C Gripen (Hungary)
saab_jas39c_south_africa;saab_jas39c;fighter;JAS39C Gripen (South Africa)
saab_jas39c_thailand;saab_jas39c;fighter;JAS39C Gripen (Thailand)
saab_jas39d;saab_jas39d;fighter;JAS39D Gripen
saab_jas39e;saab_jas39e;fighter;JAS39E Gripen
saab_t18b_2;saab_t18b_2;bomber;T18B (57)
sb2c_5_greece;sb2c_5_greece;bomber;SB2C-5 Helldiver
sb_25j_netherlands;sb_25j_netherlands;bomber;SB-25J Strafer (Netherlands)
sb_2m_100;sb_2m_100;bomber;SB 2M-100A
sb_2m_100a;sb_2m_100;bomber;SB 2M-100A
sb_2m_103_mv3;sb_2m_103c;bomber;SB 2M-103 MV-3
sb_2m_103c;sb_2m_103c;bomber;SB 2M-103
sb_2m_103u;sb_2m_103u_mv3;bomber;SB 2M-103U
sb_2m_103u_china;sb_2m_103u_mv3;bomber;SB 2M-103U (China)
sb_2m_103u_mv3;sb_2m_103u_mv3;bomber;SB 2M-103U MV-3
sb_2m_105;sb_2m_105;bomber;SB 2M-105
scimitar_f1;scimitar_f1;fighter;Scimitar F Mk.1
scout_ah_mk1;scout_ah_mk1;helicopter;Scout AH.Mk.1
se_203;se_203;fighter;SE.203 Aquilon 203
sea_harrier_fa2;sea_harrier_fa2;fighter;Sea Harrier FA 2
sea_hawk_fga50_netherlands;sea_hawk_fga6;fighter;Sea Hawk Mk.50 (Netherlands)
sea_hawk_fga6;sea_hawk_fga6;fighter;Sea Hawk FGA.6
sea_hawk_mk100;sea_hawk_fga6;fighter;Sea Hawk Mk.100 (Germany)
sea_venom_faw20;sea_venom_faw20;fighter;Sea Venom FAW 20
seafire_fr47;seafire_fr47;fighter;Seafire FR 47
seafire_mk17;seafire_mk17;fighter;Seafire F Mk XVII
seafire_mk3;seafire_mk3;fighter;Seafire LF Mk.III
shackleton_mr_mk_2;shackleton_mr_mk_2;bomber;Shackleton MR.Mk.2
sm_79_1936;sm_79_1936;bomber;S.M.79 Sparviero serie 1 (1936) (Germany)
sm_79_1936_italy;sm_79_1936;bomber;S.M.79 Sparviero serie 1 (1936) (Italy)
sm_79_1937;sm_79_1937;bomber;S.M.79 Sparviero serie 4 (1937) (Germany)
sm_79_1937_italy;sm_79_1937;bomber;S.M.79 Sparviero serie 4 (1937) (Italy)
sm_79_1939;sm_79_1939;bomber;S.M.79 Sparviero serie 8 (1939) (Germany)
sm_79_1939_italy;sm_79_1939;bomber;S.M.79 Sparviero serie 8 (1939) (Italy)
sm_79_1941;sm_79_1941;bomber;S.M.79 Sparviero AS (1941) (Germany)
sm_79_1941_italy;sm_79_1941;bomber;S.M.79 Sparviero AS (1941) (Italy)
sm_79_1942;sm_79_1942;bomber;S.M.79 Sparviero bis/N (1942) (Germany)
sm_79_1942_italy;sm_79_1942;bomber;S.M.79 Sparviero bis/N (1942) (Italy)
sm_79_1943;sm_79_1943;bomber;S.M.79 Sparviero bis/T.M (1943) (Germany)
sm_79_1943_italy;sm_79_1943;bomber;S.M.79 Sparviero bis/T.M (1943) (Italy)
sm_79_iar;sm_79_iar;bomber;S.M.79 Sparviero B (1936) (Germany)
sm_79_iar_italy;sm_79_iar;bomber;S.M.79 Sparviero B (1936) (Italy)
so_4050_vautour_2a;so_4050_vautour_2a;bomber;S.O.4050 Vautour IIA
so_4050_vautour_2a_iaf;so_4050_vautour_2a;bomber;Vautour IIA IDF/AF (Israel)
so_4050_vautour_2a_israel_iaf;so_4050_vautour_2a;bomber;Vautour IIA (Israel)
so_4050_vautour_2b;so_4050_vautour_2b;bomber;S.O.4050 Vautour IIB
so_4050_vautour_2n;so_4050_vautour_2n;bomber;S.O.4050 Vautour IIN 'Classique' (V2N)
so_4050_vautour_2n_iaf;so_4050_vautour_2n;bomber;Vautour IIN 'Classique' (V2N) (Israel)
so_4050_vautour_2n_late;so_4050_vautour_2n_late;fighter;S.O.4050 Vautour IIN 'Monobloc' (V2-1N)
spitfire_ix;spitfire_ix;fighter;Spitfire LF Mk IX
spitfire_ix_early;spitfire_ix_early;fighter;Spitfire F Mk IX
spitfire_ix_plagis;spitfire_ix;fighter;Plagis' Spitfire LF Mk IXc
spitfire_ix_tutorial;spitfire_ix;fighter;Spitfire LF Mk IX
spitfire_ix_usa;spitfire_ix;fighter;Spitfire LF Mk IXc (USA)
spitfire_mk5b;spitfire_mk5b;fighter;Spitfire Mk Vb/trop
spitfire_mk5b_italy;spitfire_mk5b;fighter;Spitfire Mk Vb/trop (Italy)
spitfire_mk5b_notrop;spitfire_mk5b_notrop;fighter;Spitfire Mk Vb
spitfire_mk5c;spitfire_mk5c;fighter;Spitfire Mk Vc/trop
spitfire_mk5c_notrop;spitfire_mk5c_notrop;fighter;Spitfire Mk Vc
spitfire_mk9b;spitfire_ix_early;fighter;Spitfire Mk IXb
spitfire_mk9c_4cannons;spitfire_mk9c_4cannons;fighter;Spitfire F Mk IXc
spitfire_xvi;spitfire_xvi;fighter;Spitfire F Mk XVI
stirling_mk1;stirling_mk1;bomber;Stirling B Mk I
stirling_mk3;stirling_mk3;bomber;Stirling B Mk III
strikemaster_mk88;strikemaster_mk88;strike;Strikemaster Mk.88
su-8;su-8;strike;Su-8
su_17m4;su_17m4;strike;Su-17M4
su_17m4_china_killstreak;su_17m4;strike;Su-17M4 (China)
su_17m4_killstreak;su_17m4;strike;Su-17M4
su_22m3;su_22m3;strike;Su-22M3
su_22m3_hungary;su_22m3;strike;Su-22M3 (Hungary)
su_22m4;su_22m4;strike;Su-22M4 (Germany)
su_22m4_de_wtd61;su_22m4;strike;Su-22M4 WTD61 (Germany)
su_24m;su_24m;strike;Su-24M
su_24m_china_killstreak;su_24m;strike;Su-24M (China)
su_24m_killstreak;su_24m;strike;Su-24M (su_24m_killstreak)
su_25t;su_25t;strike;Su-25T
su_25tm;su_25tm;strike;Su-39
su_30mk2v_venezuela;su_30mk2v_venezuela;fighter;Su-30MK2 AMV
su_30mkk;su_30mkk;fighter;Su-30MKK (China)
su_30mkm;su_30mkm;fighter;Su-30MKM
su_30sm;su_30sm;fighter;Su-30SM
su_30sm2;su_30sm2;fighter;Su-30SM2
su_33;su_33;fighter;Su-33
su_34;su_34;strike;Su-34
sunderland_mk3a;sunderland_mk3a;bomber;Sunderland Mk IIIa
sunderland_mk5;sunderland_mk5;bomber;Sunderland Mk V
super_hind_mk3;super_hind_mk3;helicopter;Superhind MK IV
t_129_atak;t_129_atak;helicopter;T129 ATAK
tb_3_m17_32;tb_3_m17_32;bomber;TB-3M-17-32
tiger_hac_france;tiger_hac_france;helicopter;EC-665 Tiger HAC (France)
tiger_had_block2_france;tiger_had_block2_france;helicopter;EC-665 Tiger HAD Block 2 (France)
tiger_had_france;tiger_had_france;helicopter;EC-665 Tiger HAD (France)
tiger_had_spain;tiger_had_block2_france;helicopter;EC-665 Tigre HAD-E
tiger_hap_france;tiger_hap_france;helicopter;EC-665 Tiger HAP (France)
tiger_uht;tiger_uht;helicopter;EC-665 Tiger UHT
tis_ma;tis_ma;strike;TIS MA
tornado_ids_de_assta1;tornado_ids_de_assta1;strike;Tornado IDS ASSTA1 (Germany)
tornado_ids_de_assta1_britain_killstreak;tornado_ids_de_assta1;strike;Tornado IDS ASSTA1 (tornado_ids_de_assta1_britain_killstreak)
tornado_ids_de_assta1_france_killstreak;tornado_ids_de_assta1;strike;Tornado IDS ASSTA1 (France)
tornado_ids_de_assta1_italy_killstreak;tornado_ids_de_assta1;strike;Tornado IDS ASSTA1 (Italy)
tornado_ids_de_assta1_killstreak;tornado_ids_de_assta1;strike;Tornado IDS ASSTA1 (tornado_ids_de_assta1_killstreak)
tornado_ids_de_assta1_sweden_killstreak;tornado_ids_de_assta1;strike;Tornado IDS ASSTA1 (Sweden)
tornado_ids_de_assta3_sle;tornado_ids_de_assta3_sle;strike;Tornado IDS SLE (Germany)
tornado_ids_it;tornado_ids_it;strike;Tornado IDS
tornado_ids_it_mod95;tornado_ids_it_mod95;strike;Tornado IDS (1995)
tornado_ids_it_mod95_killstreak;tornado_ids_it_mod95;strike;Tornado IDS (1995)
tornado_ids_it_ret8;tornado_ids_it_ret8;strike;Tornado IDS MLU (RET.8)
tu-1;tu-1;strike;Tu-1
tu-2;tu-2;bomber;Tu-2S (7 series) factory No.23
tu-2_early;tu-2_early;bomber;Tu-2 (5 series) factory No.166
tu-2_postwar;tu-2_postwar;bomber;Tu-2S (1 series) factory No.166
tu-2_postwar_china;tu-2_postwar;bomber;Tu-2S (1 series) factory No.166 (China)
tu-2_postwar_late;tu-2_postwar_late;bomber;Tu-2S (8 series) factory No.39
tu-2_postwar_late_hungary;tu-2_postwar_late;bomber;Tu-2S (8 series) factory No.39 (Hungary)
tu_14t;tu_14t;bomber;Tu-14T
tu_4;tu_4;bomber;Tu-4
tu_4_china;tu_4;bomber;Tu-4 (China)
tu_4_china_killstreak;tu_4;bomber;Tu-4 (China)
tu_4_killstreak;tu_4;bomber;Tu-4 (tu_4_killstreak)
tu_95m;nt_tu_95m;bomber;Tu-95M
uav_quadcopter;uav_quadcopter;fighter;UAV Raven's Eye
ucav_mq_1_predator;ucav_mq_1_predator;strike;MQ-1
ucav_mq_1_predator_france_killstreak;ucav_mq_1_predator;strike;MQ-1 (France)
ucav_mq_1_predator_germany_killstreak;ucav_mq_1_predator;strike;MQ-1
ucav_mq_1_predator_iaf_killstreak;ucav_mq_1_predator;strike;MQ-1 (Israel)
ucav_mq_1_predator_italy_killstreak;ucav_mq_1_predator;strike;MQ-1 (Italy)
ucav_mq_1_predator_japan_killstreak;ucav_mq_1_predator;strike;MQ-1 (Japan)
ucav_mq_1_predator_sweden_killstreak;ucav_mq_1_predator;strike;MQ-1 (Sweden)
ucav_mq_1_predator_uk_killstreak;ucav_mq_1_predator;strike;MQ-1 (Britain)
ucav_mq_1_predator_usa_killstreak;ucav_mq_1_predator;strike;MQ-1 (USA)
ucav_orion;ucav_mq_1_predator;strike;Orion
ucav_orion_killstreak;ucav_mq_1_predator;strike;Orion
ucav_recon_micro;ucav_recon_micro;fighter;Recon Micro
ucav_recon_micro_flir;ucav_recon_micro;fighter;Recon Micro
ucav_wing_loong_i;ucav_mq_1_predator;strike;Wing Loong I
ucav_wing_loong_i_killstreak;ucav_mq_1_predator;strike;Wing Loong I
uh_1b;uh_1b;helicopter;UH-1B
uh_1b_japan;uh_1b;helicopter;UH-1B Hiyodori (Japan)
uh_1c;uh_1c;helicopter;UH-1C
uh_1c_xm_30;uh_1b;helicopter;UH-1C XM-30
uh_1d;uh_1d;helicopter;UH-1D (Germany)
washington_b1;washington_b1;bomber;Washington B.Mk.I
wasp_has_mk1;wasp_has_mk1;helicopter;Wasp HAS.Mk.1
welkin_fmk1;welkin_fmk1;fighter;Welkin F.Mk.I
wellington_mk10;wellington_mk10;bomber;Wellington Mk X
wellington_mk1c;wellington_mk1c;bomber;Wellington Mk Ic
wellington_mk1c_late;wellington_mk1c;bomber;Wellington Mk Ic /Late
wellington_mk1c_luftwaffe;wellington_mk1c;bomber;Wellington Mk Ic (Germany)
wellington_mk3;wellington_mk3;bomber;Wellington Mk III
wyvern_s4;wyvern_s4;strike;Wyvern S.4
yah_64;yah_64;helicopter;YAH-64
yak-28b;yak-28b;bomber;Yak-28B
yak_141;yak_141;fighter;Yak-141
z_1007_bis_serie3;z_1007_bis_serie3;bomber;Z.1007 bis serie 3
z_1007_bis_serie5;z_1007_bis_serie5;bomber;Z.1007 bis serie 5
z_19;z_19;helicopter;Z-19
z_19e;z_19e;helicopter;Z-19E
z_9w;z_9w;helicopter;Z-9W
z_9wa;z_9wa;helicopter;Z-9WA
